Date,Actual,ARIMA_Forecast,ARIMA_Static_Forecast
2026-01-02,2160.0,2233.083345856551,2233.083345856551
2026-01-05,2180.0,2165.215806065993,2235.516536983402
2026-01-06,2150.0,2189.9227095266374,2238.8943725977038
2026-01-07,2170.0,2162.239228668672,2243.9302310999756
2026-01-08,2130.0,2182.174744187727,2250.2525554433664
2026-01-09,2080.0,2140.3742021729427,2256.8325137871334
2026-01-12,2150.0,2091.37501022847,2262.679524658376
2026-01-13,2110.0,2160.2036819230675,2267.371454968302
2026-01-14,2250.0,2116.500092685328,2271.1660710237356
2026-01-15,2290.0,2250.806174790121,2274.7202820867183
2026-01-19,2260.0,2281.3501309026597,2278.6510830545712
2026-01-20,2230.0,2250.1757651793127,2283.2094101459106
2026-01-21,2210.0,2228.8870897678144,2288.2204668352756
2026-01-22,2220.0,2220.6905292896286,2293.2675265119087
2026-01-23,2250.0,2237.8682630272365,2297.9688426275775
2026-01-26,2250.0,2266.1728036694344,2302.17801303242
2026-01-27,2230.0,2258.77668821168,2306.014953876757
2026-01-28,2100.0,2232.6552573010085,2309.7458774637753
2026-01-29,2120.0,2105.5112272281094,2313.6088032172197
2026-01-30,2250.0,2133.6270509958313,2317.6906317833927
2026-02-02,2250.0,2261.084625672046,2321.9117873107175
2026-02-03,2220.0,2251.133680462178,2326.104406729541
2026-02-04,2400.0,2217.0565676442943,2330.1221934339674
2026-02-05,2400.0,2392.7222963043846,2333.915727684589
2026-02-06,2380.0,2386.741847608157,2337.539536220567
2026-02-09,2410.0,2370.812660161442,2341.101267167899
2026-02-10,2450.0,2409.516635004904,2344.6925901708173
2026-02-11,2400.0,2454.854036093154,2348.3431262191284
2026-02-12,2380.0,2407.932034102847,2352.017626757879
2026-02-13,2350.0,2390.996033078155,2355.648944273215
2026-02-18,2380.0,2361.8644467367108,2359.1814596299323
2026-02-19,2350.0,2389.0705251046124,2362.599221310753
2026-02-20,2340.0,2354.360149427445,2365.9267006575255
2026-02-23,2400.0,2342.454773375686,2369.2074447788204
2026-02-24,2360.0,2400.0552396965595,2372.476807781161
2026-02-25,2390.0,2358.7718301586247,2375.7447921446637
2026-02-26,2350.0,2390.8274593450833,2378.9962123822406
2026-02-27,2360.0,2353.8365588551096,2382.204491919063
2026-03-02,2300.0,2367.544021746995,2385.3487710059344
2026-03-03,2160.0,2310.491033194966,2388.4243516902766
2026-03-04,2130.0,2177.994317586469,2391.4421953981596
2026-03-05,2240.0,2155.6406911032427,2394.420021209059
2026-03-06,2230.0,2260.005800143821,2397.3715822975587
2026-03-09,2190.0,2234.9382745936064,2400.3003198005317
2026-03-10,2210.0,2186.269836863413,2403.199928917271
2026-03-11,2210.0,2205.648991454112,2406.0600933770884
2026-03-12,2210.0,2209.301082065869,2408.8732015604724
2026-03-13,2130.0,2215.271253390618,2411.6381949088163
2026-03-16,2110.0,2143.2260788637386,2414.360055856576
2026-03-17,2110.0,2130.682534814376,2417.0461195655093
2026-03-25,2140.0,2131.1149435404623,2419.7018715796644
2026-03-26,2110.0,2154.157505328463,2422.3286192529836
2026-03-27,2130.0,2115.7524844850086,2424.9239114562693
2026-03-30,2160.0,2131.072929121469,2427.4839075948826
2026-03-31,2110.0,2158.646458583744,2430.006004976548
2026-04-01,2130.0,2111.4100947759407,2432.4902447922314
2026-04-02,2100.0,2137.855877591261,2434.938987469846
2026-04-06,2080.0,2112.780239969992,2437.355393354066
2026-04-07,2080.0,2096.276919854076,2439.741781718721
2026-04-08,2090.0,2096.049191718386,2442.0987841411343
2026-04-09,2130.0,2101.936973470096,2444.4255867130382
2026-04-10,2110.0,2135.2217508342346,2446.7209033574277
2026-04-13,2110.0,2110.409439739119,2448.9840000404956
2026-04-14,2130.0,2111.1978992068334,2451.2152034184187
2026-04-15,2090.0,2134.1368455357733,2453.4157250315357
2026-04-16,2080.0,2098.579430810005,2455.5870387681434
2026-04-17,2080.0,2093.792998605229,2457.730242388118
2026-04-20,2040.0,2095.558034293511,2459.845753011949
2026-04-21,2000.0,2055.049618443528,2461.9334324850015
2026-04-22,1995.0,2015.106005322062,2463.9929852638174
2026-04-23,1955.0,2009.511404003219,2466.024356255314
2026-04-24,1880.0,1968.5785830803325,2468.027912715995
2026-04-27,1840.0,1895.9550941967718,2470.004356397603
2026-04-28,1800.0,1860.3868166019433,2471.9544697271435
2026-04-29,1790.0,1823.0658574706947,2473.8788683204007
2026-04-30,1775.0,1812.3541543096296,2475.7778928789567
2026-05-04,1790.0,1793.443726202957,2477.6516702121053
2026-05-05,1820.0,1803.1686724361673,2479.500275145195
2026-05-06,1815.0,1827.368241200134,2481.3238844989396
2026-05-07,1990.0,1819.3450782836671,2483.12284124391
2026-05-08,1910.0,1989.4631745055242,2484.8976127105825
2026-05-11,1835.0,1906.1863548131457,2486.6486875899245
2026-05-12,1855.0,1841.9554254875309,2488.37648038465
2026-05-13,1830.0,1874.8094724541393,2490.081293656326
2026-05-14,1830.0,1855.7217475837792,2491.763346578741
2026-05-15,1830.0,1854.9216955630895,2493.4228405488752
2026-05-18,1700.0,1848.4621780715606,2495.060018571302
2026-05-19,1770.0,1715.7729632692926,2496.675187507365
2026-05-20,1790.0,1786.0284551755756,2498.268698860491
2026-05-21,1800.0,1801.1493933736078,2499.8409071741125
2026-05-22,1775.0,1807.1263673300218,2501.3921333048597
2026-05-25,1935.0,1782.2938141817579,2502.9226515207733
2026-05-26,1930.0,1940.119065959331,2504.4327025035855
2026-05-27,1930.0,1929.402306853743,2505.9225198413606
2026-05-28,1930.0,1930.6545171876542,2507.3923528551936
2026-05-29,1980.0,1936.257800309528,2508.8424741588906
2026-06-02,1945.0,1990.568105488067,2510.273171048041
2026-06-03,1885.0,1957.6475295901917,2511.6847287794585
2026-06-04,1890.0,1901.9683788133307,2513.077416527954
2026-06-05,1765.0,1909.9718708231408,2514.4514831118913
2026-06-08,1615.0,1787.7299400184856,2515.8071628024036
2026-06-09,1840.0,1646.4664589501317,2517.1446859921493
2026-06-10,1850.0,1868.445365545368,2518.464287947272
2026-06-11,1795.0,1858.5957205329096,2519.7662113147044
2026-06-12,1870.0,1792.169580327497,2521.050702345633
2026-06-15,1875.0,1865.5137546314977,2522.3180042145136
2026-06-17,1850.0,1873.3831165930924,2523.5683516868194
2026-06-18,1800.0,1857.3729095668302,2524.8019697723375
2026-06-19,1835.0,1819.1285205188353,2526.0190762891966
2026-06-22,1770.0,1860.6660639786942,2527.219886156391
2026-06-23,1770.0,1795.2164330692833,2528.4046147476242
2026-06-24,1700.0,1792.1052313091247,2529.5734787028455
2026-06-25,1785.0,1718.3482342911727,2530.7266943068
2026-06-26,1730.0,1798.4717509258865,2531.864474841456
2026-06-29,1705.0,1738.0924803366809,2532.9870285834786
2026-06-30,1705.0,1715.108424360314,2534.0945584201554
2026-07-01,1665.0,1719.5920118214588,2535.1872629761397
2026-07-02,1690.0,1684.2650986093895,2536.2653383454285
2026-07-03,1750.0,1711.4402217423244,2537.3289793824324
2026-07-06,1835.0,1766.4551053242424,2538.3783799624716
2026-07-07,1800.0,1840.6067737265466,2539.413732303725
2026-07-08,1740.0,1798.3455120114763,2540.4352259326724
2026-07-09,1735.0,1743.4648089351106,2541.4430469473796
2026-07-10,1730.0,1749.7655763567068,2542.4373779350385
2026-07-13,1750.0,1753.057427660864,2543.418398470743
2026-07-14,1735.0,1774.359229207739,2544.3862858239295
2026-07-15,1730.0,1755.0072862182278,2545.341215463593
2026-07-16,1740.0,1744.7318820570656,2546.283361147363
2026-07-17,1910.0,1750.2610376992307,2547.212894649826
2026-07-20,1865.0,1911.6528969792944,2548.1299853695564
2026-07-21,1900.0,1859.0698513701072,2549.034800070145
2026-07-22,1900.0,1897.2776999641164,2549.927502884505
2026-07-23,1900.0,1904.6096257667243,2550.8082555417427
2026-07-24,1845.0,1913.084129529468,2551.6772176633135
2026-07-27,1845.0,1865.5597578443844,2552.5345469692224
2026-07-28,1790.0,1869.4913982621779,2553.3803993167403
2026-07-29,1760.0,1813.711831920359,2554.214928600912
2026-07-30,1785.0,1781.623525252439,2555.038286614866
2026-07-31,1820.0,1801.5893230078095,2555.8506229691693
2026-08-03,1795.0,1828.7943519251803,2556.6520851166015
2026-08-04,1795.0,1799.1823012753136,2557.4428184616636
2026-08-05,1800.0,1800.8693909166836,2558.222966492242
2026-08-06,1795.0,1810.1618010627512,2558.992670871644
2026-08-07,1820.0,1809.5142495386228,2559.7520714633715
2026-08-10,1795.0,1836.2124663873237,2560.5013063030747
2026-08-11,1770.0,1810.5954583305045,2561.240511557592
2026-08-12,1795.0,1785.8831562795458,2561.9698215095364
2026-08-13,1775.0,1809.9833613226174,2562.689368583827
2026-08-14,1790.0,1788.0096680424977,2563.399283406223
2026-08-18,1790.0,1801.9042265848648,2564.0996948684297
2026-08-19,1760.0,1800.9132181890031,2564.7907301759014
2026-08-20,1770.0,1772.2533016352681,2565.4725148686325
2026-08-21,1805.0,1784.675535271689,2566.1451728217503
2026-08-24,1805.0,1819.0300757141754,2566.8088262421024
2026-08-26,1780.0,1816.4236478278217,2567.4635956756674
2026-08-27,1785.0,1791.0340562271579,2568.109600031506
2026-08-28,1785.0,1797.5755253021623,2568.746956617641
2026-08-31,1775.0,1798.6933607499172,2569.3757811785763
