Date,Actual,ARIMA_Forecast,FTS_TLUS_Forecast,ARIMA_Error,ARIMA_Absolute_Error,FTS_Error,FTS_Absolute_Error,ARIMA_APE,FTS_APE,Perubahan_Harga_Absolut
2026-01-02,2160.0,2233.083345856551,2230.0,-73.0833458565512,73.0833458565512,-70.0,70.0,3.383488234099593,3.240740740740741,70.0
2026-01-05,2180.0,2165.215806065993,2160.0,14.784193934006908,14.784193934006908,20.0,20.0,0.6781740336700416,0.9174311926605505,20.0
2026-01-06,2150.0,2189.9227095266374,2180.0,-39.92270952663739,39.92270952663739,-30.0,30.0,1.856870210541274,1.3953488372093024,30.0
2026-01-07,2170.0,2162.239228668672,2150.0,7.760771331328215,7.760771331328215,20.0,20.0,0.3576392318584431,0.9216589861751152,20.0
2026-01-08,2130.0,2182.174744187727,2170.0,-52.1747441877269,52.1747441877269,-40.0,40.0,2.4495185064660516,1.8779342723004695,40.0
2026-01-09,2080.0,2140.3742021729427,2130.0,-60.37420217294266,60.37420217294266,-50.0,50.0,2.9026058736991662,2.4038461538461537,50.0
2026-01-12,2150.0,2091.37501022847,2080.0,58.62498977153018,58.62498977153018,70.0,70.0,2.7267437103037295,3.255813953488372,70.0
2026-01-13,2110.0,2160.2036819230675,2150.0,-50.203681923067506,50.203681923067506,-40.0,40.0,2.3793214181548583,1.8957345971563981,40.0
2026-01-14,2250.0,2116.500092685328,2110.0,133.49990731467187,133.49990731467187,140.0,140.0,5.933329213985417,6.222222222222222,140.0
2026-01-15,2290.0,2250.806174790121,2250.0,39.19382520987892,39.19382520987892,40.0,40.0,1.711520751523097,1.7467248908296944,40.0
2026-01-19,2260.0,2281.3501309026597,2290.0,-21.350130902659657,21.350130902659657,-30.0,30.0,0.9446960576398078,1.3274336283185841,30.0
2026-01-20,2230.0,2250.1757651793127,2260.0,-20.175765179312748,20.175765179312748,-30.0,30.0,0.904742833153038,1.345291479820628,30.0
2026-01-21,2210.0,2228.8870897678144,2230.0,-18.88708976781436,18.88708976781436,-20.0,20.0,0.854619446507437,0.9049773755656109,20.0
2026-01-22,2220.0,2220.6905292896286,2210.0,-0.6905292896285573,0.6905292896285573,10.0,10.0,0.03110492295624132,0.45045045045045046,10.0
2026-01-23,2250.0,2237.8682630272365,2220.0,12.13173697276352,12.13173697276352,30.0,30.0,0.5391883099006008,1.3333333333333333,30.0
2026-01-26,2250.0,2266.1728036694344,2250.0,-16.172803669434415,16.172803669434415,0.0,0.0,0.7187912741970851,0.0,0.0
2026-01-27,2230.0,2258.77668821168,2250.0,-28.77668821167981,28.77668821167981,-20.0,20.0,1.2904344489542516,0.8968609865470852,20.0
2026-01-28,2100.0,2232.6552573010085,2230.0,-132.65525730100853,132.65525730100853,-130.0,130.0,6.31691701433374,6.190476190476191,130.0
2026-01-29,2120.0,2105.5112272281094,2100.0,14.48877277189058,14.48877277189058,20.0,20.0,0.683432677919367,0.9433962264150944,20.0
2026-01-30,2250.0,2133.6270509958313,2120.0,116.37294900416873,116.37294900416873,130.0,130.0,5.172131066851944,5.777777777777778,130.0
2026-02-02,2250.0,2261.084625672046,2250.0,-11.084625672046059,11.084625672046059,0.0,0.0,0.4926500298687137,0.0,0.0
2026-02-03,2220.0,2251.133680462178,2250.0,-31.133680462177836,31.133680462177836,-30.0,30.0,1.4024180388368395,1.3513513513513513,30.0
2026-02-04,2400.0,2217.0565676442943,2220.0,182.94343235570568,182.94343235570568,180.0,180.0,7.622643014821069,7.5,180.0
2026-02-05,2400.0,2392.7222963043846,2400.0,7.277703695615401,7.277703695615401,0.0,0.0,0.303237653983975,0.0,0.0
2026-02-06,2380.0,2386.741847608157,2400.0,-6.741847608157059,6.741847608157059,-20.0,20.0,0.28327090790575876,0.8403361344537815,20.0
2026-02-09,2410.0,2370.812660161442,2380.0,39.18733983855782,39.18733983855782,30.0,30.0,1.6260306986953452,1.2448132780082988,30.0
2026-02-10,2450.0,2409.516635004904,2410.0,40.48336499509605,40.48336499509605,40.0,40.0,1.652382244697798,1.6326530612244898,40.0
2026-02-11,2400.0,2454.854036093154,2450.0,-54.85403609315381,54.85403609315381,-50.0,50.0,2.285584837214742,2.0833333333333335,50.0
2026-02-12,2380.0,2407.932034102847,2400.0,-27.932034102846956,27.932034102846956,-20.0,20.0,1.1736148782708804,0.8403361344537815,20.0
2026-02-13,2350.0,2390.996033078155,2380.0,-40.99603307815505,40.99603307815505,-30.0,30.0,1.7445120458789383,1.2765957446808511,30.0
2026-02-18,2380.0,2361.8644467367108,2350.0,18.13555326328924,18.13555326328924,30.0,30.0,0.761998036272657,1.2605042016806722,30.0
2026-02-19,2350.0,2389.0705251046124,2380.0,-39.07052510461244,39.07052510461244,-30.0,30.0,1.662575536366487,1.2765957446808511,30.0
2026-02-20,2340.0,2354.360149427445,2350.0,-14.360149427444867,14.360149427444867,-10.0,10.0,0.6136815994634558,0.42735042735042733,10.0
2026-02-23,2400.0,2342.454773375686,2340.0,57.54522662431418,57.54522662431418,60.0,60.0,2.3977177760130908,2.5,60.0
2026-02-24,2360.0,2400.0552396965595,2400.0,-40.05523969655951,40.05523969655951,-40.0,40.0,1.697255919345742,1.694915254237288,40.0
2026-02-25,2390.0,2358.7718301586247,2360.0,31.228169841375347,31.228169841375347,30.0,30.0,1.3066179849947843,1.2552301255230125,30.0
2026-02-26,2350.0,2390.8274593450833,2390.0,-40.8274593450833,40.8274593450833,-40.0,40.0,1.7373386955354595,1.702127659574468,40.0
2026-02-27,2360.0,2353.8365588551096,2350.0,6.163441144890385,6.163441144890385,10.0,10.0,0.2611627603767112,0.423728813559322,10.0
2026-03-02,2300.0,2367.544021746995,2360.0,-67.54402174699499,67.54402174699499,-60.0,60.0,2.936696597695434,2.608695652173913,60.0
2026-03-03,2160.0,2310.491033194966,2300.0,-150.4910331949659,150.4910331949659,-140.0,140.0,6.967177462729903,6.481481481481482,140.0
2026-03-04,2130.0,2177.994317586469,2160.0,-47.99431758646915,47.99431758646915,-30.0,30.0,2.2532543467825894,1.408450704225352,30.0
2026-03-05,2240.0,2155.6406911032427,2130.0,84.35930889675728,84.35930889675728,110.0,110.0,3.766040575748093,4.910714285714286,110.0
2026-03-06,2230.0,2260.005800143821,2240.0,-30.005800143821034,30.005800143821034,-10.0,10.0,1.3455515759561,0.4484304932735426,10.0
2026-03-09,2190.0,2234.9382745936064,2230.0,-44.938274593606366,44.938274593606366,-40.0,40.0,2.0519760088404735,1.82648401826484,40.0
2026-03-10,2210.0,2186.269836863413,2190.0,23.73016313658718,23.73016313658718,20.0,20.0,1.0737630378546235,0.9049773755656109,20.0
2026-03-11,2210.0,2205.648991454112,2210.0,4.3510085458879075,4.3510085458879075,0.0,0.0,0.19687821474605915,0.0,0.0
2026-03-12,2210.0,2209.301082065869,2210.0,0.6989179341308045,0.6989179341308045,0.0,0.0,0.031625245888271696,0.0,0.0
2026-03-13,2130.0,2215.271253390618,2210.0,-85.27125339061786,85.27125339061786,-80.0,80.0,4.003345229606472,3.755868544600939,80.0
2026-03-16,2110.0,2143.2260788637386,2130.0,-33.22607886373862,33.22607886373862,-20.0,20.0,1.5746956807459063,0.9478672985781991,20.0
2026-03-17,2110.0,2130.682534814376,2110.0,-20.68253481437614,20.68253481437614,0.0,0.0,0.9802149201126132,0.0,0.0
2026-03-25,2140.0,2131.1149435404623,2110.0,8.885056459537736,8.885056459537736,30.0,30.0,0.4151895541840064,1.4018691588785046,30.0
2026-03-26,2110.0,2154.157505328463,2140.0,-44.157505328462776,44.157505328462776,-30.0,30.0,2.092772764382122,1.4218009478672986,30.0
2026-03-27,2130.0,2115.7524844850086,2110.0,14.247515514991392,14.247515514991392,20.0,20.0,0.6688974420183752,0.9389671361502347,20.0
2026-03-30,2160.0,2131.072929121469,2130.0,28.92707087853114,28.92707087853114,30.0,30.0,1.3392162443764417,1.3888888888888888,30.0
2026-03-31,2110.0,2158.646458583744,2160.0,-48.64645858374388,48.64645858374388,-50.0,50.0,2.3055193641584775,2.3696682464454977,50.0
2026-04-01,2130.0,2111.4100947759407,2110.0,18.589905224059294,18.589905224059294,20.0,20.0,0.8727655034769621,0.9389671361502347,20.0
2026-04-02,2100.0,2137.855877591261,2130.0,-37.855877591261105,37.855877591261105,-30.0,30.0,1.8026608376791002,1.4285714285714286,30.0
2026-04-06,2080.0,2112.780239969992,2100.0,-32.78023996999218,32.78023996999218,-20.0,20.0,1.5759730754803933,0.9615384615384616,20.0
2026-04-07,2080.0,2096.276919854076,2080.0,-16.276919854075913,16.276919854075913,0.0,0.0,0.7825442237536497,0.0,0.0
2026-04-08,2090.0,2096.049191718386,2080.0,-6.049191718385828,6.049191718385828,10.0,10.0,0.28943501044908265,0.4784688995215311,10.0
2026-04-09,2130.0,2101.936973470096,2090.0,28.063026529904164,28.063026529904164,40.0,40.0,1.3175129826246086,1.8779342723004695,40.0
2026-04-10,2110.0,2135.2217508342346,2130.0,-25.221750834234626,25.221750834234626,-20.0,20.0,1.1953436414329206,0.9478672985781991,20.0
2026-04-13,2110.0,2110.409439739119,2110.0,-0.4094397391190796,0.4094397391190796,0.0,0.0,0.019404726972468228,0.0,0.0
2026-04-14,2130.0,2111.1978992068334,2110.0,18.802100793166574,18.802100793166574,20.0,20.0,0.8827277367683838,0.9389671361502347,20.0
2026-04-15,2090.0,2134.1368455357733,2130.0,-44.13684553577332,44.13684553577332,-40.0,40.0,2.1118107911853263,1.9138755980861244,40.0
2026-04-16,2080.0,2098.579430810005,2090.0,-18.57943081000485,18.57943081000485,-10.0,10.0,0.8932418658656178,0.4807692307692308,10.0
2026-04-17,2080.0,2093.792998605229,2080.0,-13.792998605229059,13.792998605229059,0.0,0.0,0.6631249329437048,0.0,0.0
2026-04-20,2040.0,2095.558034293511,2080.0,-55.5580342935109,55.5580342935109,-40.0,40.0,2.7234330536034754,1.9607843137254901,40.0
2026-04-21,2000.0,2055.049618443528,2040.0000000000002,-55.049618443527834,55.049618443527834,-40.00000000000023,40.00000000000023,2.7524809221763915,2.0000000000000115,40.0
2026-04-22,1995.0,2015.106005322062,2000.0000000000002,-20.106005322061947,20.106005322061947,-5.000000000000227,5.000000000000227,1.007819815642203,0.2506265664160515,5.0
2026-04-23,1955.0,2009.511404003219,1995.0,-54.51140400321901,54.51140400321901,-40.0,40.0,2.78830711013908,2.0460358056265986,40.0
2026-04-24,1880.0,1968.5785830803325,1955.0,-88.57858308033246,88.57858308033246,-75.0,75.0,4.711626759592153,3.9893617021276597,75.0
2026-04-27,1840.0,1895.9550941967718,1880.0,-55.955094196771824,55.955094196771824,-40.0,40.0,3.041037728085425,2.1739130434782608,40.0
2026-04-28,1800.0,1860.3868166019433,1840.0,-60.38681660194334,60.38681660194334,-40.0,40.0,3.3548231445524075,2.2222222222222223,40.0
2026-04-29,1790.0,1823.0658574706947,1800.0,-33.06585747069471,33.06585747069471,-10.0,10.0,1.8472546073013805,0.5586592178770949,10.0
2026-04-30,1775.0,1812.3541543096296,1790.0,-37.35415430962962,37.35415430962962,-15.0,15.0,2.1044593977256123,0.8450704225352113,15.0
2026-05-04,1790.0,1793.443726202957,1775.0,-3.4437262029568956,3.4437262029568956,15.0,15.0,0.19238693871267573,0.8379888268156425,15.0
2026-05-05,1820.0,1803.1686724361673,1790.0,16.8313275638327,16.8313275638327,30.0,30.0,0.9247982177930055,1.6483516483516483,30.0
2026-05-06,1815.0,1827.368241200134,1820.0,-12.36824120013398,12.36824120013398,-5.0,5.0,0.6814457961506325,0.27548209366391185,5.0
2026-05-07,1990.0,1819.3450782836671,1815.0,170.65492171633286,170.65492171633286,175.0,175.0,8.575624206850899,8.793969849246231,175.0
2026-05-08,1910.0,1989.4631745055242,1990.0,-79.4631745055242,79.4631745055242,-80.0,80.0,4.160375628561476,4.18848167539267,80.0
2026-05-11,1835.0,1906.1863548131457,1910.0,-71.18635481314573,71.18635481314573,-75.0,75.0,3.8793653849125738,4.087193460490464,75.0
2026-05-12,1855.0,1841.9554254875309,1835.0,13.044574512469126,13.044574512469126,20.0,20.0,0.7032115640145081,1.0781671159029649,20.0
2026-05-13,1830.0,1874.8094724541393,1855.0,-44.80947245413927,44.80947245413927,-25.0,25.0,2.448605052138758,1.366120218579235,25.0
2026-05-14,1830.0,1855.7217475837792,1830.0,-25.721747583779234,25.721747583779234,0.0,0.0,1.405559977255696,0.0,0.0
2026-05-15,1830.0,1854.9216955630895,1830.0,-24.921695563089543,24.921695563089543,0.0,0.0,1.3618412876005215,0.0,0.0
2026-05-18,1700.0,1848.4621780715606,1830.0,-148.46217807156063,148.46217807156063,-130.0,130.0,8.733069298327095,7.647058823529412,130.0
2026-05-19,1770.0,1715.7729632692926,1739.0,54.22703673070737,54.22703673070737,31.0,31.0,3.063674391565388,1.7514124293785311,70.0
2026-05-20,1790.0,1786.0284551755756,1770.0,3.971544824424427,3.971544824424427,20.0,20.0,0.2218740125376775,1.1173184357541899,20.0
2026-05-21,1800.0,1801.1493933736078,1790.0,-1.149393373607836,1.149393373607836,10.0,10.0,0.06385518742265756,0.5555555555555556,10.0
2026-05-22,1775.0,1807.1263673300218,1800.0,-32.12636733002182,32.12636733002182,-25.0,25.0,1.8099361876068631,1.408450704225352,25.0
2026-05-25,1935.0,1782.2938141817579,1775.0,152.70618581824215,152.70618581824215,160.0,160.0,7.8917925487463645,8.268733850129198,160.0
2026-05-26,1930.0,1940.119065959331,1935.0,-10.11906595933101,10.11906595933101,-5.0,5.0,0.5243039357166327,0.25906735751295334,5.0
2026-05-27,1930.0,1929.402306853743,1930.0,0.5976931462569155,0.5976931462569155,0.0,0.0,0.03096855680087645,0.0,0.0
2026-05-28,1930.0,1930.6545171876542,1930.0,-0.6545171876541644,0.6545171876541644,0.0,0.0,0.033912807650474844,0.0,0.0
2026-05-29,1980.0,1936.257800309528,1930.0,43.742199690472034,43.742199690472034,50.0,50.0,2.2092020045692946,2.525252525252525,50.0
2026-06-02,1945.0,1990.568105488067,1980.0,-45.568105488066976,45.568105488066976,-35.0,35.0,2.3428331870471455,1.7994858611825193,35.0
2026-06-03,1885.0,1957.6475295901917,1945.0,-72.64752959019165,72.64752959019165,-60.0,60.0,3.8539803496122893,3.183023872679045,60.0
2026-06-04,1890.0,1901.9683788133307,1885.0000000000002,-11.968378813330673,11.968378813330673,4.999999999999773,4.999999999999773,0.6332475562608821,0.26455026455025255,5.0
2026-06-05,1765.0,1909.9718708231408,1890.0,-144.97187082314076,144.97187082314076,-125.0,125.0,8.213703729356418,7.0821529745042495,125.0
2026-06-08,1615.0,1787.7299400184856,1765.0,-172.72994001848565,172.72994001848565,-150.0,150.0,10.695352323126047,9.287925696594428,150.0
2026-06-09,1840.0,1646.4664589501317,1739.0,193.5335410498683,193.5335410498683,101.0,101.0,10.518127230971103,5.489130434782608,225.0
2026-06-10,1850.0,1868.445365545368,1840.0,-18.445365545368077,18.445365545368077,10.0,10.0,0.9970467862361122,0.5405405405405406,10.0
2026-06-11,1795.0,1858.5957205329096,1849.9999999999998,-63.59572053290958,63.59572053290958,-54.99999999999977,54.99999999999977,3.5429370770423163,3.0640668523676755,55.0
2026-06-12,1870.0,1792.169580327497,1795.0,77.83041967250301,77.83041967250301,75.0,75.0,4.162054527941337,4.010695187165775,75.0
2026-06-15,1875.0,1865.5137546314977,1869.9999999999998,9.486245368502296,9.486245368502296,5.000000000000227,5.000000000000227,0.5059330863201225,0.2666666666666788,5.0
2026-06-17,1850.0,1873.3831165930924,1875.0,-23.38311659309238,23.38311659309238,-25.0,25.0,1.2639522482752639,1.3513513513513513,25.0
2026-06-18,1800.0,1857.3729095668302,1849.9999999999998,-57.37290956683023,57.37290956683023,-49.99999999999977,49.99999999999977,3.187383864823902,2.7777777777777652,50.0
2026-06-19,1835.0,1819.1285205188353,1800.0,15.87147948116467,15.87147948116467,35.0,35.0,0.8649307619163308,1.9073569482288828,35.0
2026-06-22,1770.0,1860.6660639786942,1835.0,-90.66606397869418,90.66606397869418,-65.0,65.0,5.122376495971423,3.672316384180791,65.0
2026-06-23,1770.0,1795.2164330692833,1770.0,-25.216433069283312,25.216433069283312,0.0,0.0,1.4246572355527294,0.0,0.0
2026-06-24,1700.0,1792.1052313091247,1770.0,-92.10523130912475,92.10523130912475,-70.0,70.0,5.417954782889692,4.117647058823529,70.0
2026-06-25,1785.0,1718.3482342911727,1739.0,66.65176570882727,66.65176570882727,46.0,46.0,3.733992476685001,2.57703081232493,85.0
2026-06-26,1730.0,1798.4717509258865,1785.0,-68.47175092588645,68.47175092588645,-55.0,55.0,3.957904677796905,3.179190751445087,55.0
2026-06-29,1705.0,1738.0924803366809,1739.0,-33.092480336680865,33.092480336680865,-34.0,34.0,1.9409079376352414,1.9941348973607038,25.0
2026-06-30,1705.0,1715.108424360314,1739.0,-10.108424360314075,10.108424360314075,-34.0,34.0,0.5928694639480396,1.9941348973607038,0.0
2026-07-01,1665.0,1719.5920118214588,1739.0,-54.592011821458755,54.592011821458755,-74.0,74.0,3.2787995087963218,4.444444444444445,40.0
2026-07-02,1690.0,1684.2650986093895,1739.0,5.734901390610503,5.734901390610503,-49.0,49.0,0.3393432775509173,2.899408284023669,25.0
2026-07-03,1750.0,1711.4402217423244,1739.0,38.55977825767559,38.55977825767559,11.0,11.0,2.203415900438605,0.6285714285714286,60.0
2026-07-06,1835.0,1766.4551053242424,1750.0,68.54489467575763,68.54489467575763,85.0,85.0,3.735416603583522,4.632152588555858,85.0
2026-07-07,1800.0,1840.6067737265466,1835.0,-40.606773726546635,40.606773726546635,-35.0,35.0,2.255931873697035,1.9444444444444444,35.0
2026-07-08,1740.0,1798.3455120114763,1800.0,-58.34551201147633,58.34551201147633,-60.0,60.0,3.3531903454871452,3.4482758620689653,60.0
2026-07-09,1735.0,1743.4648089351106,1740.0,-8.464808935110568,8.464808935110568,-5.0,5.0,0.4878852412167474,0.2881844380403458,5.0
2026-07-10,1730.0,1749.7655763567068,1739.0,-19.765576356706788,19.765576356706788,-9.0,9.0,1.1425188645495252,0.5202312138728323,5.0
2026-07-13,1750.0,1753.057427660864,1739.0,-3.0574276608640503,3.0574276608640503,11.0,11.0,0.1747101520493743,0.6285714285714286,20.0
2026-07-14,1735.0,1774.359229207739,1750.0,-39.35922920773896,39.35922920773896,-15.0,15.0,2.2685434701866836,0.8645533141210374,15.0
2026-07-15,1730.0,1755.0072862182278,1739.0,-25.00728621822782,25.00728621822782,-9.0,9.0,1.445507873886001,0.5202312138728323,5.0
2026-07-16,1740.0,1744.7318820570656,1739.0,-4.731882057065604,4.731882057065604,1.0,1.0,0.27194724465894277,0.05747126436781609,10.0
2026-07-17,1910.0,1750.2610376992307,1740.0,159.73896230076934,159.73896230076934,170.0,170.0,8.363296455537663,8.900523560209423,170.0
2026-07-20,1865.0,1911.6528969792944,1910.0,-46.65289697929438,46.65289697929438,-45.0,45.0,2.501495816584149,2.4128686327077746,45.0
2026-07-21,1900.0,1859.0698513701072,1865.0,40.930148629892756,40.930148629892756,35.0,35.0,2.154218348941724,1.8421052631578947,35.0
2026-07-22,1900.0,1897.2776999641164,1900.0,2.7223000358835634,2.7223000358835634,0.0,0.0,0.14327894925702966,0.0,0.0
2026-07-23,1900.0,1904.6096257667243,1900.0,-4.609625766724321,4.609625766724321,0.0,0.0,0.24261188245917478,0.0,0.0
2026-07-24,1845.0,1913.084129529468,1900.0,-68.0841295294681,68.0841295294681,-55.0,55.0,3.6901967224643957,2.9810298102981028,55.0
2026-07-27,1845.0,1865.5597578443844,1845.0,-20.55975784438442,20.55975784438442,0.0,0.0,1.1143500186658224,0.0,0.0
2026-07-28,1790.0,1869.4913982621779,1845.0,-79.49139826217788,79.49139826217788,-55.0,55.0,4.4408602381104965,3.0726256983240225,55.0
2026-07-29,1760.0,1813.711831920359,1790.0,-53.71183192035892,53.71183192035892,-30.0,30.0,3.051808631838575,1.7045454545454546,30.0
2026-07-30,1785.0,1781.623525252439,1760.0,3.3764747475609056,3.3764747475609056,25.0,25.0,0.18915824916307594,1.4005602240896358,25.0
2026-07-31,1820.0,1801.5893230078095,1785.0,18.410676992190474,18.410676992190474,35.0,35.0,1.0115756589115645,1.9230769230769231,35.0
2026-08-03,1795.0,1828.7943519251803,1820.0,-33.79435192518031,33.79435192518031,-25.0,25.0,1.882693700567148,1.392757660167131,25.0
2026-08-04,1795.0,1799.1823012753136,1795.0,-4.182301275313648,4.182301275313648,0.0,0.0,0.23299728553279378,0.0,0.0
2026-08-05,1800.0,1800.8693909166836,1795.0,-0.869390916683642,0.869390916683642,5.0,5.0,0.04829949537131344,0.2777777777777778,5.0
2026-08-06,1795.0,1810.1618010627512,1800.0,-15.161801062751238,15.161801062751238,-5.0,5.0,0.8446685828830773,0.2785515320334262,5.0
2026-08-07,1820.0,1809.5142495386228,1795.0,10.485750461377165,10.485750461377165,25.0,25.0,0.5761401352405036,1.3736263736263736,25.0
2026-08-10,1795.0,1836.2124663873237,1820.0,-41.21246638732373,41.21246638732373,-25.0,25.0,2.295959130213021,1.392757660167131,25.0
2026-08-11,1770.0,1810.5954583305045,1795.0,-40.59545833050447,40.59545833050447,-25.0,25.0,2.293528719237541,1.4124293785310735,25.0
2026-08-12,1795.0,1785.8831562795458,1770.0,9.116843720454199,9.116843720454199,25.0,25.0,0.5079021571283676,1.392757660167131,25.0
2026-08-13,1775.0,1809.9833613226174,1795.0,-34.983361322617384,34.983361322617384,-20.0,20.0,1.9708935956404159,1.1267605633802817,20.0
2026-08-14,1790.0,1788.0096680424977,1775.0,1.9903319575023488,1.9903319575023488,15.0,15.0,0.11119172946940496,0.8379888268156425,15.0
2026-08-18,1790.0,1801.9042265848648,1790.0,-11.904226584864773,11.904226584864773,0.0,0.0,0.6650405913332276,0.0,0.0
2026-08-19,1760.0,1800.9132181890031,1790.0,-40.913218189003146,40.913218189003146,-30.0,30.0,2.324614669829724,1.7045454545454546,30.0
2026-08-20,1770.0,1772.2533016352681,1760.0,-2.2533016352681443,2.2533016352681443,10.0,10.0,0.12730517713379347,0.5649717514124294,10.0
2026-08-21,1805.0,1784.675535271689,1770.0,20.324464728311114,20.324464728311114,35.0,35.0,1.1260091262222223,1.9390581717451523,35.0
2026-08-24,1805.0,1819.0300757141754,1805.0,-14.030075714175382,14.030075714175382,0.0,0.0,0.7772895132507137,0.0,0.0
2026-08-26,1780.0,1816.4236478278217,1805.0,-36.423647827821696,36.423647827821696,-25.0,25.0,2.0462723498776234,1.404494382022472,25.0
2026-08-27,1785.0,1791.0340562271579,1780.0,-6.034056227157862,6.034056227157862,5.0,5.0,0.3380423656671071,0.2801120448179272,5.0
2026-08-28,1785.0,1797.5755253021623,1785.0,-12.575525302162305,12.575525302162305,0.0,0.0,0.7045112214096529,0.0,0.0
2026-08-31,1775.0,1798.6933607499172,1785.0,-23.693360749917247,23.693360749917247,-10.0,10.0,1.3348372253474505,0.5633802816901409,10.0
