Current_State,Selected_Next_State,Rule_Degree,Frekuensi_Terpilih,Semua_Kandidat,Midpoint_Konsekuen
A1,A1,0.6100384553757411,1,"A1, A2",1739.0
A2,A2,0.9685947764781285,7,"A2, A3",1897.0
A3,A3,0.8191395609677937,5,"A2, A3, A4, A5",2055.0
A4,A4,0.8189793302355391,28,"A3, A4, A5, A6",2213.0
A5,A5,0.9370693799070662,32,"A3, A4, A5, A6",2371.0
A6,A6,0.8893206216952412,89,"A5, A6, A7, A8",2529.0
A7,A7,0.9375500721038295,82,"A6, A7, A8, A9",2687.0
A8,A8,0.937710302836084,44,"A6, A7, A8, A9, A10",2845.0
A9,A9,0.9623858356032687,42,"A8, A9, A10",3003.0
A10,A10,0.8616007050152219,4,"A9, A10",3161.0
