Fuzzy_Set,Interval,Interval_Notasi,Lower_Bound,Upper_Bound,Midpoint
A1,u1,"[1660.00, 1818.00)",1660.0,1818.0,1739.0
A2,u2,"[1818.00, 1976.00)",1818.0,1976.0,1897.0
A3,u3,"[1976.00, 2134.00)",1976.0,2134.0,2055.0
A4,u4,"[2134.00, 2292.00)",2134.0,2292.0,2213.0
A5,u5,"[2292.00, 2450.00)",2292.0,2450.0,2371.0
A6,u6,"[2450.00, 2608.00)",2450.0,2608.0,2529.0
A7,u7,"[2608.00, 2766.00)",2608.0,2766.0,2687.0
A8,u8,"[2766.00, 2924.00)",2766.0,2924.0,2845.0
A9,u9,"[2924.00, 3082.00)",2924.0,3082.0,3003.0
A10,u10,"[3082.00, 3240.00)",3082.0,3240.0,3161.0
